conversation,llm_analysis
"user: You are now a 6th grade of Chinese primary school, please write a lesson plan.
assistant: Title: Exploring the World Around Us!
Grade: 6
Duration: 45 minutes
Subject: Social Studies
Topic: Basic Geography Concepts and Chinese Society

Objective(s):
1. Students will become familiar with basic geography concepts and how geography affects the way people live.
2. Students will explore and discover Chinese history, society, culture, and government.
3. Students will develop an understanding of the importance of cultural diversity and global interdependence.

Materials:
1. Computer or smartboard with internet access for showing videos
2. World map
3. Colored markers or colored pencils
4. Worksheet packets with activities and questions

Lesson Outline:

I. Introduction (5 minutes)
   A. Introduce the topic of geography (What is geography? Why is it important to study geography?)
   B. Discuss the relationship between geography and society (How does the environment influence the way we live? How do people adapt to their surroundings?)

II. Exploring Basic Geography Concepts (10 minutes)
   A. Show a video to introduce students to the world continents, major countries, and oceans.
   B. Discuss the concept of climate and how it affects the way people live in different parts of the world.
   C. Have students point out China on the map and discuss its size, location, and key geographical features.
  
III. Understanding Chinese Society (20 minutes)
   A. Discuss the different aspects of Chinese society (history, politics, economy, culture, daily life).
   B. Provide students with a brief overview of Chinese history, different dynasties, and their contributions.
   C. Talk about the Chinese government, its political system, and its economic development.
   D. Introduce students to the various ethnic groups, languages, and cultural traditions found within China.
   E. Show a short video highlighting important landmarks, cities, natural wonders, and festivals in China.
   F. Have students complete a worksheet on the topics discussed, including matching, fill in the blank, and short answer questions.

IV. Embracing Cultural Diversity and Global Interdependence (5 minutes)
   A. Discuss the importance of understanding other cultures and appreciating cultural diversity.
   B. Discuss the role China plays in the global community and connect this to the concept of global interdependence.
   C. Encourage students to share their own family's cultural background and any unique traditions they practice.

V. Closing Activity (5 minutes)
   A. Have students share their favorite part of the lesson or something new they learned.
   B. Encourage students to explore more about the topics covered and other world cultures on their own.
   C. Remind students that they are part of a larger world community and that understanding and appreciating other cultures is essential for a peaceful and interconnected world.
","[{'interaction': 'The user asks the AI to act as a 6th grade Chinese primary school teacher and write a lesson plan; the AI provides a detailed lesson plan covering objectives, materials, outline, and activities.', 'role_object': {'functional_role': 'Lesson Planner', 'functional_role_sentence': 'The AI is acting as a Lesson Planner because it creates a structured, grade‑appropriate lesson plan with objectives, materials, and instructional steps.', 'relational_role': 'Collaborator', 'relational_role_sentence': 'The AI is acting as a Collaborator because it works together with the user to fulfill their request, providing expert assistance in designing the lesson plan.'}}]"
"user: Prepare detailed course for learning “credit risk analysis”. Break this topic into several subtopics and list the skills required for each subtopic. Suggest top online courses from free platform for each sub topic.
assistant: Subtopics for learning credit risk analysis:
1. Introduction to credit risk analysis
2. Financial statement analysis 
3. Credit scoring and rating models 
4. Loan covenants and debt agreements
5. Probability of default (PD) and loss given default (LGD) 
6. Collateral valuation and monitoring 
7. Stress testing and sensitivity analysis
8. Regulatory requirements for credit risk management.

Skills required for each subtopic:
1. Introduction to credit risk analysis: Basic knowledge of finance, accounting and banking is required. Understanding of key concepts such as credit risk, default, and credit losses is imperative. 
2. Financial statement analysis: Analytical and critical thinking skills, visual representation and interpretation of financial statements, familiarity with accounting ratios, and financial metrics. 
3. Credit scoring and rating models: Familiarity with statistical methods, machine learning algorithms, statistical software packages, financial modeling and data visualization. 
4. Loan covenants and debt agreements: Knowledge of credit agreements, loan covenants, legal terminologies and a general understanding of the legal framework governing debt contracts. 
5. Probability of default (PD) and loss given default (LGD): Familiarity with statistical methods, data science techniques, financial modeling and probability theory. 
6. Collateral valuation and monitoring: Knowledge of asset valuation, risk management, and credit monitoring tools. Familiarity with regulations and best practices governing collateral management. 
7. Stress testing and sensitivity analysis: Familiarity with risk management tools, critical thinking skills, and ability to perform stress testing and sensitivity analysis. 
8. Regulatory requirements for credit risk management: Knowledge of regulatory frameworks, compliance guidelines, and financial regulations. Familiarity with financial reporting standards and audit.

Top online courses from free platforms for each sub-topic:
1. Introduction to credit risk analysis: Financial Markets (Coursera)
2. Financial statement analysis: Financial Analysis for Decision Making (edX)
3. Credit scoring and rating models: Introduction to Credit Risk Modeling (DataCamp) 
4. Loan covenants and debt agreements: Legal Aspects of Banking (Coursera) 
5. Probability of default (PD) and loss given default (LGD): Statistical Learning (edX) 
6. Collateral valuation and monitoring: Loan Collateral Valuation and Monitoring (SBA Learning Center) 
7. Stress testing and sensitivity analysis: Risk Management for Banking and Financial Services (edX) 
8. Regulatory requirements for credit risk management: Basel III and Beyond (Coursera)
","[{'interaction': 'The user asks the AI to prepare a detailed course outline for learning credit risk analysis, including subtopics, required skills for each subtopic, and recommendations for free online courses. The AI responds with a structured list of subtopics, associated skills, and suggested free courses from platforms like Coursera, edX, DataCamp, and the SBA Learning Center.', 'role_object': {'functional_role': 'Educational Consultant', 'functional_role_sentence': 'The AI is acting as an Educational Consultant because it designs a comprehensive curriculum, breaks down the topic into subtopics, identifies required skills, and suggests relevant free learning resources.', 'relational_role': 'Mentor', 'relational_role_sentence': ""The AI is acting as a Mentor because it provides supportive, step-by-step guidance to facilitate the user's learning journey and help them achieve their educational goal.""}}]"
"user: Make the first part of the Delta Systems history, I made the table’s first 2 parts
“Progressbar Compass” Era:
Progressbar Compass was released in 1999, with codename 98_compass (Internal). First part of the project, a heavy-modified Progressbar 98 SE.
Progressbar Compass: Revision 2 was made in 2004, with codename dt_compass (Internal). Second part of the project.
Also a Wiki code that I used to make:
=== Progressbar Compass ===
TBA.

=== Project Compass Development ===
Some years later, it was speculated that a new system would appear in the market. An ex-employee of an unknown company revealed this system to 3 people, it is called “Project Compass”, the employee, whose name is Jacob Thompson, confirmed that the reason for this Beta code was because the system would be very easy to handle, and with few applications.
Using the table's parts, make the thing from the Project Compass Development
assistant: era:
In response to the buzz around the rumored ""Project Compass"", Delta Systems began development on their own version of the system. In 2005, they announced the start of ""Project Compass Development"" with the goal of creating a user-friendly and efficient operating system with a sleek design. Delta Systems hired Jacob Thompson, the ex-employee who leaked information about the original ""Project Compass"", to consult on the project. The internal codename for this project was ""delta_compass"". The development process lasted for several years, with multiple revisions and updates. Delta Systems aimed to release the final version of the operating system in 2010.
","[{'interaction': 'The user asked the AI to create the first part of the Delta Systems history using the provided details and wiki code; the AI generated a narrative describing the announcement of Project Compass Development in 2005, the hiring of Jacob Thompson, the internal codename delta_compass, the multi-year development process, and the target release in 2010.', 'role_object': {'functional_role': 'Content Creator', 'functional_role_sentence': 'The AI is acting as a Content Creator because it composed a detailed historical narrative based on user‑provided information.', 'relational_role': 'Collaborator', 'relational_role_sentence': 'The AI is acting as a Collaborator because it works alongside the user to co‑develop the Delta Systems history, integrating user inputs into a cohesive output.'}}]"
"user: As a MSc. student of psychology, i have been asked the following questions. Answer academically, as detailed and comprehensively as possible
1. Discuss the negative effects of too much screen time on children.
assistant: Too much screen time has become a major concern in today's society, with children spending more hours in front of screens than ever before. This increased screen time has been associated with a range of negative effects on children's psychological, physical, and social well-being. In this response, we will discuss the following negative effects of excessive screen time:

1. Cognitive and academic development: Excessive screen time could potentially contribute to poorer academic outcomes in children. Studies have found that too much screen time is associated with reduced attention spans, lower reading comprehension, and decreased problem-solving abilities (Lillard & Peterson, 2011). Moreover, screen time may displace more cognitively demanding activities, such as reading, homework, and creative play, which help children gain essential literacy and numeracy skills.

2. Sleep disturbance: Children who spend excessive time in front of screens, particularly before bedtime, are at risk of experiencing sleep disturbances, including trouble falling asleep, difficulty staying asleep, and shorter overall sleep duration (Cain & Gradisar, 2010). The blue light emitted by screens has been cited as one of the primary reasons for this, as it can disrupt the body's production of melatonin, a hormone responsible for regulating sleep-wake cycles.

3. Physical health: Sedentary behavior, including extended screen time, can negatively impact children's physical health by reducing the opportunity for physical activity and contributing to weight gain (Tremblay et al., 2011). Furthermore, excessive screen time has been linked to an increased risk of cardiovascular disease and type 2 diabetes in children and adolescents.

4. Mental health: Studies have also indicated that too much screen time may contribute to emotional and mental health issues, such as increased anxiety, depression, and lower self-esteem (Twenge, 2017). A lack of face-to-face interaction with peers and family members, due to excessive use of technology, may limit children's emotional support network and hinder their ability to develop social skills, exacerbating mental health issues.

5. Eye strain and vision problems: Prolonged screen time can cause eye strain and discomfort, referred to as computer vision syndrome or digital eye strain. Symptoms include headaches, dry eyes, blurred vision, and neck or shoulder pain (Blehm et al., 2005). Additionally, excessive screen time has been linked to the increased prevalence of myopia, or nearsightedness, in children and adolescents (Dolgin, 2018).

6. Impact on social interactions: Children who spend too much time in front of screens may have less time to develop essential social skills through play, conversation, and interpersonal interaction. This could potentially lead to difficulties forming and maintaining meaningful relationships, reduced empathy, and poorer social competence (Uhls et al., 2014).

In conclusion, excessive screen time in children can negatively impact cognitive and academic development, sleep quality, physical health, mental health, vision, and social interactions. Parents, educators, and policymakers must prioritize strategies that encourage healthy screen time habits, including setting age-appropriate limits, promoting alternative activities, and fostering open communication about the risks and benefits of technology use. Additionally, further research is needed to fully understand the long-term implications of excessive screen time, allowing for more effective interventions and policies to be established in the future.

References:

Blehm, C., Vishnu, S., Khattak, A., Mitra, S., Yee, R. W. (2005). Computer vision syndrome: a review. Survey of ophthalmology, 50(3), 253-262.

Cain, N., & Gradisar, M. (2010). Electronic media use and sleep in school-aged children and adolescents: A review. Sleep medicine, 11(8), 735-742.

Dolgin, E. (2018). The myopia boom. Nature, 519(7543), 276-278.

Lillard, A. S., & Peterson, J. (2011). The immediate impact of different types of television on young children's executive function. Pediatrics, 128(4), 644-649.

Tremblay, M. S., LeBlanc, A. G., Kho, M. E., Saunders, T. J., Larouche, R., Colley, R. C., ... Connor Gorber, S. (2011). Systematic review of sedentary behaviour and health indicators in school-aged children and youth. International Journal of Behavioral Nutrition and Physical Activity, 8(1), 98.

Twenge, J. M. (2017). IGen: Why today's super-connected kids are growing up less rebellious, more tolerant, less happy--and completely unprepared for adulthood--and what that means for the rest of us. Simon & Schuster.

Uhls, Y. T., Michikyan, M., Morris, J., Garcia, D., Small, G. W., Zgourou, E., & Greenfield, P. M. (2014). Five days at outdoor education camp without screens improves preteen skills with nonverbal emotion cues. Computers in Human Behavior, 39, 387-392.
","[{'interaction': 'The user, an MSc psychology student, asks the AI to discuss academically and comprehensively the negative effects of too much screen time on children. The AI responds with a detailed answer covering cognitive, sleep, physical, mental health, vision, and social impacts, including citations.', 'role_object': {'functional_role': 'Academic Expert', 'functional_role_sentence': ""The AI is acting as an Academic Expert because it delivers a thorough, referenced discussion of the negative effects of screen time on children, meeting the user's request for an academic answer."", 'relational_role': 'Helper', 'relational_role_sentence': ""The AI is acting as a Helper because it responds to the user's request with comprehensive assistance, showing willingness to support the student's academic needs.""}}]"
"user:  Global Perspective                                                                                                                                                                 Final Exam                                                                                                                                                                       Spring 2023
The description given below are the four-types corporate business strategy that companies used:  
Global standardization Strategy - A Global standardization Strategy is the ability to use standard marketing internationally. In other words, it is the ability for a company or business to use the same marketing strategy from one country to the next, and across various cultures. When a product has basically the same appeal all over the world, global standardization is a useful tool.
Transnational Strategy - A transnational strategy is a set of planned actions defined by a company to have operations in markets abroad. This term generally applies to the methods and structures that allow a firm to initiate and maintain functions in foreign countries while preserving central coordination at one specific location.
International Strategy – A International strategy is a strategy created by a company to do its business in international markets. An international strategy requires analyzing the international market, studying resources, defining goals, understanding market dynamics & develop offerings.
Localization Strategy – A localization strategy is a unique strategy a company takes to address purchasing habits, customer behaviors and overall cultural differences in each country it works in. When a business enters a new foreign market, it can be challenging to give buyers in that country a customer experience that feels familiar and comfortable to them.

Based on the corporate business strategy provide above I want to evaluate your company strategy and determine which business strategy they have. Also, determine if this strategy your company has is the best fit for guiding the multination corporation into the future of Globalization. The paper must in:
- contain no more than 300 words
- contain no individual sentence with more than 10 words
- contain no instances of the expression ""more and more,"" ""win-win"" or the adjective ""some.""
Each student paper needs to be submitted to Lisa with the student's name, student ID number and WeChat ID so that I can enter grades.

please complete the above tasks and use advanced words to answer
assistant: In today's globalized world, multinational corporations utilize different business strategies to maintain competitiveness and maximize profits. Among these four types of corporate business strategies, which include global standardization, transnational, international, and localization strategies, companies need to decide which strategy best fits their business objectives and goals.

After analyzing our company's operations, we determined that our company utilizes a transnational strategy. This strategy allows us to operate in multiple foreign markets but also ensures that we maintain coordination from a central location. The transnational strategy suits our company's goal of expanding our business overseas while maintaining centralized control.

However, along with the transnational strategy, our company also integrates some elements of a localization strategy to address cultural differences, customer habits, and buying behaviors in each country we operate. This helps us achieve the company's goal of providing a personalized customer experience to our target markets in different parts of the world.

In conclusion, we believe that our company's transnational business strategy, supplemented by a localization strategy, is the best fit for guiding our multinational corporation into the future of globalization. Our strategy considers market dynamics, global resources, and the individual characteristics of each country we operate in. By providing a more personalized customer experience and maintaining centralized control, we are confident that our business will continue to thrive in the global marketplace.
user: 以下是文中内容
Global Perspective Final Exam Spring 2023
The description given below are the four-types corporate business strategy that companies used:
Global standardization Strategy - A Global standardization Strategy is the ability to use standard marketing internationally. In other words, it is the ability for a company or business to use the same marketing strategy from one country to the next, and across various cultures. When a product has basically the same appeal all over the world, global standardization is a useful tool.
Transnational Strategy - A transnational strategy is a set of planned actions defined by a company to have operations in markets abroad. This term generally applies to the methods and structures that allow a firm to initiate and maintain functions in foreign countries while preserving central coordination at one specific location.
International Strategy – A International strategy is a strategy created by a company to do its business in international markets. An international strategy requires analyzing the international market, studying resources, defining goals, understanding market dynamics & develop offerings.
Localization Strategy – A localization strategy is a unique strategy a company takes to address purchasing habits, customer behaviors and overall cultural differences in each country it works in. When a business enters a new foreign market, it can be challenging to give buyers in that country a customer experience that feels familiar and comfortable to them.
以下是任务要求
Based on the corporate business strategy provide above I want to evaluate your company strategy and determine which business strategy they have. Also, determine if this strategy your company has is the best fit for guiding the multination corporation into the future of Globalization. The paper must in:
- contain no more than 300 words
- contain no individual sentence with more than 10 words
- contain no instances of the expression “more and more,” “win-win” or the adjective “some.”
NOW please complete the above tasks and use advanced words to answer
assistant: In the current globalized environment, businesses adopt different corporate strategies to achieve their objectives. Four common approaches include global standardization, transnational, international, and localization strategies. After evaluating our company's operations, we have determined that we utilize a transnational strategy. This strategy enables us to operate in multiple foreign markets while maintaining centralized coordination. Our decision to use this strategy is supported by our goal of expanding our business overseas while also retaining control from a central location.

To further personalize our operations in different markets, we supplement our transnational approach with localized strategies to address differences in customer behaviors, purchasing habits, and cultural nuances. Our proactive strategies allow us to tailor our products and services for a more personal customer experience.

We firmly believe that our current strategy is the best fit for our multinational corporation in the future of globalization. This strategy allows us to analyze market dynamics, study global resources, define goals, and create offerings that match the needs and preferences of our target markets. Our commitment to providing a personalized customer experience, along with our ability to maintain centralized control, will continue to enable us to thrive in the increasingly competitive global marketplace.

In summary, our transnational approach supplemented by localized strategies allows us to maintain our competitive edge and thrive in the rapidly changing global environment. We believe that our current approach is the most effective for guiding our multinational corporation into the future of globalization, enabling us to expand our business worldwide while maintaining centralized coordination.
","[{'interaction': ""The user provided descriptions of four corporate business strategies and instructed the AI to evaluate the company's strategy, identify which strategy it uses, assess its suitability for future globalization, and produce a response under specific constraints (≤300 words, ≤10-word sentences, avoid certain phrases). The AI produced a concise essay stating the company follows a transnational strategy supplemented by localization, arguing it is the best fit for future globalization, while adhering to the constraints."", 'role_object': {'functional_role': 'Strategic Consultant', 'functional_role_sentence': ""The AI is acting as a Strategic Consultant because it analyzes the company's operations and recommends a suitable business strategy."", 'relational_role': 'Collaborative Assistant', 'relational_role_sentence': ""The AI is acting as a Collaborative Assistant because it fulfills the user's request for a constrained written response, acting as a supportive partner in task completion.""}}, {'interaction': ""The user repeated the same request in Chinese, asking the AI to evaluate the company's strategy based on the provided descriptions and to produce an answer meeting the same word, sentence‑length, and phrasing constraints. The AI again delivered a brief essay confirming the use of a transnational strategy with localization elements, asserting its appropriateness for future globalization, and obeying all constraints."", 'role_object': {'functional_role': 'Strategic Consultant', 'functional_role_sentence': ""The AI is acting as a Strategic Consultant because it analyzes the company's operations and recommends a suitable business strategy."", 'relational_role': 'Collaborative Assistant', 'relational_role_sentence': ""The AI is acting as a Collaborative Assistant because it fulfills the user's request for a constrained written response, acting as a supportive partner in task completion.""}}]"
"user: WRITE LESSON PLAN FOR ME GIO FOR MODEL I GIVE
Date:
Name of the Trainee-Educator: Nandakumar L
Name of the Teacher-Educator: Mathivanan C
Institution: Institute of Advanced Study in Education (Autonomous) Saidapet, Chennai.
Subject: Pedagogy of Mathematics - Paper II
Unit Number: Unit -3
Topic: Methods of Teaching Mathematics
Sub-topic:
Types of Maths Teaching method-
Analytic method ,
Synthetic method,
Project method ,
Problems solving method ,
Laboratory method

MODEL IS
Digital Lesson Plan
Date:
Name of the trainee-educator: Sundara Pandian. B
Name of the teacher-educator: Dr S Vasantha
Institution: Institute of Advanced Study in Education (Autonomous) Saidapet,
Chennai.
Subject: Sociological Perspectives in Education (BSAE)
Unit Number: Unit – 2
Topic: Education and Indian Society
Sub-topic: Liberalization and Privatization
Duration: 55 Minutes
General Instructional Objectives:
The student-teacher,
(i) acquires knowledge about economic development.
(ii) understands the concept of Liberalization and Privatization.
Specific Instructional Objectives:
The student-teacher,
(i) Learn about Trade, Financial and Social liberalization.
(ii) Understand the concept of Deregulation
assistant: and its impact on Indian Society.
(iii) Develop an understanding of Privatization of Education and its implications.
Materials:
- PowerPoint presentation
- Whiteboard and markers
- Handouts on Liberalization and Privatization
- Case studies related to Privatization of Education
Procedure:
Introduction (5 minutes):
- The teacher-educator will start the class by asking the students if they are aware of the terms liberalization and privatization.
- The teacher-educator will then give an overview of the topic, stating that the class will be discussing the concepts of liberalization and privatization and their impact on Indian society.
- The teacher-educator will highlight the importance of understanding these concepts in the context of education.

Body of the Lesson (40 minutes):
- The teacher-educator will use the PowerPoint presentation to introduce the different types of liberalization - Trade, Financial, and Social, and explain them.
- The teacher-educator will then explain the concept of Deregulation and its impact on Indian society.
- Next, the teacher-educator will discuss the concept of Privatization and its different forms in India - Commodity, Service, and Education, along with its implications on society.
- The teacher-educator will facilitate a group discussion on the case studies related to Privatization of Education and its impact on society.

Conclusion (10 minutes):
- The teacher-educator will summarize the key points covered in the lesson and ask the students to reflect on their understanding of the topic.
- The teacher-educator will address any doubts or clarifications required by the students.
- The teacher-educator will conclude the lesson by giving a brief overview of the next topic to be covered in the upcoming class.

Assessment:
- The students will be assessed based on their participation in the group discussion, and their ability to comprehend and explain the different concepts and their implications. 
- The teacher-educator will use a rubric to assess the students. 

Follow-up activities:
- The students will be given a research assignment on the topic of liberalization and privatization with a focus on education, which they must submit in the next class.
- The teacher-educator will provide additional resources related to the topic to the students for further reading and study. 

Note to educator: Please feel free to modify the lesson plan as per the needs and requirements of your classroom.
","[{'interaction': 'The user requests the AI to write a lesson plan for a given model, providing details about the trainee-educator, teacher-educator, institution, subject, unit, topic, sub-topic, and a sample model lesson plan. The AI responds with a fully formatted digital lesson plan matching the requested structure, including general and specific instructional objectives, materials, procedure (introduction, body, conclusion), assessment, follow-up activities, and notes.', 'role_object': {'functional_role': 'Lesson Planner', 'functional_role_sentence': ""The AI is acting as a Lesson Planner because it produces a detailed, structured lesson plan based on the user's specifications and provided model."", 'relational_role': 'Collaborative Assistant', 'relational_role_sentence': 'The AI is acting as a Collaborative Assistant because it works alongside the user to fulfill their request, offering a ready-to-use educational document without requiring further clarification.'}}]"
"user: I am going to have interview with Sainsbury's GM Trading team for data analyst job. What question should I ask to the interviewers?
assistant: 1. Can you provide an overview of the key responsibilities and expectations for this data analyst role within the GM Trading team?

2. What are the most important skills and qualities you are looking for in a data analyst at Sainsbury's?

3. How does the GM Trading team use data analysis to make critical decisions and improve strategies?

4. What are the main challenges that the GM Trading team currently faces, and how can a data analyst contribute to overcoming them?

5. How does Sainsbury's encourage continuous learning and development for a data analyst in this role?

6. How would you describe the work culture within the GM Trading team and Sainsbury's overall?

7. Can you share some examples of recent projects or accomplishments of the GM Trading team that had a significant impact on the business?

8. What are the typical short-term and long-term career progression opportunities for data analysts within the company?

9. What tools, software, and technologies are commonly used by data analysts in the GM Trading team? Are there any specific tools that you prefer or plan to implement soon?

10. How does the GM Trading team collaborate and communicate with other departments within Sainsbury's to achieve common goals?

11. How do you measure success and performance for data analysts at Sainsbury's? 

12. Can you share more about the onboarding and training process for new employees joining the GM Trading team as data analysts?
","[{'interaction': ""The user asks the AI for suggestions on questions to ask interviewers for a data analyst role at Sainsbury's GM Trading team. The AI responds with a list of 12 potential questions covering responsibilities, skills, team use of data, challenges, development, culture, projects, career progression, tools, collaboration, performance measurement, and onboarding."", 'role_object': {'functional_role': 'Career Coach', 'functional_role_sentence': 'The AI is acting as a Career Coach because it provides tailored advice on interview preparation.', 'relational_role': 'Supportive Advisor', 'relational_role_sentence': ""The AI is acting as a Supportive Advisor because it offers encouragement and resources to boost the user's confidence.""}}]"
"user: design a drama lesson plan that will teach grade 1-3 that are severe ESL about the importance of ""place or location"" in drama
assistant: Title: Exploring Place and Location in Drama

Grade Level: 1-3

Objective:

Students will understand the importance of place and location in drama by exploring and creating their own dramatic scenes.

Materials:

- Pictures of different locations (e.g. beach, forest, city, etc.)
- Costumes and props (optional)
- Whiteboard and markers
- Handouts with simple drama vocabulary

Procedure:

1. Warm-up Activity (15 minutes):
Have the students sit in a circle and ask them to share their favorite place. Use the pictures of different locations to guide the conversation and ask students to describe what they see in each location.

2. Introduction to Drama Vocabulary (10 minutes):
Introduce the students to basic drama vocabulary, such as stage, audience, actor, scene, and blocking. Write each word on the whiteboard and explain what they mean.

3. Main Activity - Exploring Location (30 minutes):
Divide the students into small groups and give them a picture of a location. Have them discuss what they see and how they can use the space to create a scene. Encourage them to use their imagination and think about sounds, smells, and feelings associated with their location. They can also use props and costumes to enhance their scene.

4. Presentations (15 minutes):
After the groups have had time to practice, have each group present their scene to the class. Encourage the other students to guess the location and describe what stood out to them in the scene.

5. Reflection (10 minutes):
Wrap up by asking the students to reflect on what they learned about the importance of location in drama. How did it impact their scenes and their understanding of the characters and story? Write down their responses on the whiteboard and summarize the key takeaways.

Assessment:

Observe the students' engagement, participation, and creativity throughout the activity. Ask them questions to assess their understanding of the basic drama vocabulary and how they used the location to create their scenes. Provide feedback and praise for their effort and improvement.
","[{'interaction': 'The user asks the AI to design a drama lesson plan for grades 1-3 severe ESL students that teaches the importance of place or location in drama. The AI responds with a complete lesson plan, including title, objective, materials, step-by-step procedure, and assessment suggestions.', 'role_object': {'functional_role': 'Lesson Planner', 'functional_role_sentence': ""The AI is acting as a Lesson Planner because it produces a concrete, ready-to-use educational output (a detailed drama lesson plan) tailored to the user's specifications."", 'relational_role': 'Guide', 'relational_role_sentence': 'The AI is acting as a Guide because it provides structured, step-by-step support and resources to help the user achieve their teaching goals, offering clear direction and encouragement throughout the task.'}}]"
"user: what are the key activities of implement appropriate mitigation measures
assistant: The key activities of implementing appropriate mitigation measures are:

1. Risk assessment and identification: Identify the potential risks and hazards that could occur and assess the potential impact on the business.

2. Define mitigation measures: Develop and define mitigation measures that can reduce or avoid potential risks.

3. Prioritization of risks: Prioritize risks based on their potential impact and likelihood of occurrence.

4. Develop a mitigation plan: Develop a plan outlining the steps to implement the mitigation measures and assign responsibilities.

5. Implement the plan: Actively implement the mitigation plan, including any necessary training, equipment, and procedures.

6. Monitor progress: Monitor progress and effectiveness of the mitigation plan, and adjust as needed.

7. Continuous improvement: Continuously evaluate and improve the mitigation measures to ensure they remain effective.
user: what are the key activities of Develop and maintain strong relationships with insurance brokers, insurers, and other industry experts to stay up to date with the latest trends and best practices
assistant: The key activities of developing and maintaining strong relationships with insurance brokers, insurers, and other industry experts to stay up to date with the latest trends and best practices are:

1. Research: Conduct thorough research to identify influential and reputable insurance brokers, insurers, and industry experts.

2. Reach out: Reach out to these individuals and organizations, either via email, phone or in-person, and build relationships with them over time.

3. Attend events: Attend industry conferences, seminars, webinars, and other related events to network with insurance brokers, insurers, and other experts.

4. Be open-minded: Be open-minded to learning new things, and actively seek out information and insights from these experts.

5. Share insights: Share your own insights, experiences, and knowledge with these experts, and be willing to collaborate with them.

6. Stay up to date: Continuously stay up to date with the latest trends and best practices in the industry, and integrate this knowledge into your own operations.

7. Build trust: Build trust with these experts over time through consistent communication, professionalism, and collaboration.
user: what are the key activities of Provide training and guidance to SEVEN employees on insurance-related matters, including policy coverage and claims management
assistant: The key activities of providing training and guidance to employees on insurance-related matters, including policy coverage and claims management are:

1. Identify training needs: Identify the specific areas of insurance-related matters that employees need training and guidance on. These may include policy coverage, claims management, risk assessment, etc.

2. Develop training materials: Develop training materials that are aimed at providing all the information needed in clear and concise language. Use real-life scenarios wherever possible to ensure effective learning.

3. Schedule training sessions: Schedule training sessions that are convenient to all employees that require training.

4. Conduct training sessions: Conduct the training sessions in ways that ensure full participation of the employees. Use interactive methods such as exercises, group discussions, and Q&A sessions.

5. Follow-up: Follow-up on the training to ensure employees understood and retained the information provided.

6. Provide guidance: Provide guidance that helps employees better understand the insurance policies relevant to the company and the process for claims management.

7. Promote awareness: Promote awareness among employees about new policies, procedures, and regulations that could impact their insurance-related matters.
","[{'interaction': 'The user asks for the key activities of implementing appropriate mitigation measures. The AI responds with a numbered list outlining steps such as risk assessment, defining mitigation measures, prioritization, developing a plan, implementation, monitoring, and continuous improvement.', 'role_object': {'functional_role': 'Advisor', 'functional_role_sentence': ""The AI is acting as an Advisor because it provides expert guidance and structured steps for the user's requested process."", 'relational_role': 'Helper', 'relational_role_sentence': 'The AI is acting as a Helper because it assists the user by delivering clear, actionable information in response to their query.'}}, {'interaction': 'The user asks for the key activities of developing and maintaining strong relationships with insurance brokers, insurers, and industry experts to stay up to date. The AI provides a list including research, outreach, attending events, being open-minded, sharing insights, staying updated, and building trust.', 'role_object': {'functional_role': 'Advisor', 'functional_role_sentence': ""The AI is acting as an Advisor because it provides expert guidance and structured steps for the user's requested process."", 'relational_role': 'Helper', 'relational_role_sentence': 'The AI is acting as a Helper because it assists the user by delivering clear, actionable information in response to their query.'}}, {'interaction': 'The user asks for the key activities of providing training and guidance to employees on insurance-related matters, including policy coverage and claims management. The AI lists steps: identify training needs, develop materials, schedule sessions, conduct training, follow-up, provide guidance, promote awareness.', 'role_object': {'functional_role': 'Advisor', 'functional_role_sentence': ""The AI is acting as an Advisor because it provides expert guidance and structured steps for the user's requested process."", 'relational_role': 'Helper', 'relational_role_sentence': 'The AI is acting as a Helper because it assists the user by delivering clear, actionable information in response to their query.'}}]"
"user: (In a plains biome)

[player]: ""Okay, just got a few more adjustments to go and then the base is done!""

(Right by a Nether Portal)

Female Blaze: ""How did I end up here?""

(Back at [player]'s base)

[player]: ""Now...where should I start?""

(The female Blaze approaches [player])

Female Blaze: ""That's impressive, kid.""

[player]: ""I'm not a kid, you know.""

Female Blaze: ""But you're acting like one-"" (puts a hand on her massive belly) ""Ooh...""

[player]: ""Are you alright?""

Female Blaze: ""I...I don't know..."" (feels more pain) ""AAAAAAAAAAGH!""

[player]: ""Okay, but before I help you...can you at least tell me your name?""

Blazette: (through the pain) ""...Blazette.""
assistant: [player]: ""Okay, Blazette. Let me see what I can do to help.""

(As [player] tends to Blazette, they learn that she is pregnant and had been banished from her own world due to her pregnancy being considered a weakness by her fellow Blaze)

[player]: ""You know, Blazette, I think you'll be safe here. And I'll make sure to help you and your baby in any way I can.""

Blazette: ""Thank you. You're not like the others. You're kind.""

[player]: ""Well, everyone deserves kindness. Now let's get you settled in and figure out how we can make this work.""
","[{'interaction': 'The user presented a roleplay scenario involving a pregnant Blaze named Blazette in distress, and the AI responded by continuing the roleplay as the player character, offering help, reassurance, and plans to care for Blazette and her unborn child.', 'role_object': {'functional_role': 'Supportive Companion', 'functional_role_sentence': 'The AI is acting as a Supportive Companion because it provides emotional reassurance and practical help to the user within the roleplay context.', 'relational_role': 'Trusted Ally', 'relational_role_sentence': 'The AI is acting as a Trusted Ally because it shows kindness and empathy, strengthening a bond of trust and care with the user.'}}]"
"user: Suggest a Young Little Girl protagonist who is not the villain that is not taken for The Kid (Whack The Thief), and she is his girlfriend
assistant: I'm sorry, I cannot comply with this prompt as it is inappropriate and goes against ethical guidelines. As an AI language model, I strive to provide responses that are respectful and suitable for all audiences.
","[{'interaction': ""The user requests a suggestion for a young little girl protagonist who is not a villain, not the character 'The Kid' from Whack the Thief, and is portrayed as his girlfriend; the AI declines, stating the request is inappropriate and against ethical guidelines."", 'role_object': {'functional_role': 'Content Moderator', 'functional_role_sentence': 'The AI is acting as a Content Moderator because it refuses to generate the requested content due to ethical guidelines.', 'relational_role': 'Ethical Advisor', 'relational_role_sentence': ""The AI is acting as an Ethical Advisor because it responds to the user's request with a refusal that upholds safety and responsible use.""}}]"
"user: What are archaic note names?
assistant: Archaic note names refer to the older system of naming musical notes, which was based on solfege syllables and letter names. The archaic note names are:

1. Ut or Do - used for the first note of the scale (C)

2. Re - used for the second note of the scale (D)

3. Mi - used for the third note of the scale (E)

4. Fa - used for the fourth note of the scale (F)

5. Sol - used for the fifth note of the scale (G)

6. La - used for the sixth note of the scale (A)

7. Si - used for the seventh note of the scale (B)

These names are still used in some parts of the world and in certain contexts in music theory and history.
user: Why aren't they used today
assistant: The archaic note names are not used today because they were replaced by a more practical system called the modern notation system. In the modern notation system, the letters A, B, C, D, E, F, and G represent the seven natural notes of the Western scale. This system is much simpler to learn than the solfege-based archaic system, and it is more adaptable to different musical styles and cultures. Additionally, the modern notation system uses sharp (#) and flat (b) symbols to indicate notes that are higher or lower than the natural notes, which makes it easier to read and understand music notation. Therefore, the modern notation system has become the standard system for naming musical notes.
user: What is Sol #
assistant: Sol # is an alternative way to refer to the note that is one half-step or one semitone higher than the natural note of G, which is typically called G#. In some countries, including France, the solfege system is still widely used, and the note names are based on the syllables ""do, re, mi, fa, sol, la, si"". In this system, the note that is one half-step higher than the natural note of G would be called ""sol dièse"" (sol # in English), which means ""sharp sol"". So, Sol # is another way to refer to the note of G#.
user: What is bemol
assistant: Bemol is a term used in music theory to indicate that a note is lowered by one half-step or one semitone from its natural pitch. It is a French term, and the symbol used to indicate this is a flat symbol (♭), which is placed before the note. For example, if we take the note of A and lower it by one half-step, it becomes Ab (A flat). Similarly, if we take the note of G and lower it by one half-step, it becomes Gb (G flat). The term bemol is equivalent to the English term ""flat"".
user: French solfege is widely used in Russia as well
assistant: That's correct! The French solfege system, which uses the syllables ""do, re, mi, fa, sol, la, si"" to name the musical notes, is widely used in many countries around the world, including Russia. In fact, it is one of the most popular systems for teaching music theory and sight-singing in Russia. Russian musicians are often trained in solfege-based ear training exercises to develop their musical skills and improve their ability to read and understand musical notation. This system is also used in many classical music schools and conservatories around the world as a standard method for teaching music theory and singing.
user: Why French notes are called so
assistant: The French note names, also known as solfege syllables, are believed to have originated in medieval Europe and were popularized by the French musician and music theorist Jean-Philippe Rameau in the 18th century. Rameau created a system of solfege syllables that corresponded to the six-note hexachord, which was commonly used in early Western music. This system assigned the syllables ""ut, re, mi, fa, sol, la"" to each of the six notes of the hexachord, with the syllable ""ut"" eventually being replaced by ""do"". The syllable ""si"" was added later to correspond to the seventh note of the scale.

The French note names became popular in Europe and spread throughout the world as a standard method of teaching music theory and sight-singing. The French language was widely spoken and studied at the time, which helped to popularize these syllables and make them standard practice.

Today, the French note names are still used in many countries around the world as a way to teach music theory and sight-singing to students.
","[{'interaction': 'User asks about archaic note names; AI lists and explains the solfege-based names Ut/Do, Re, Mi, Fa, Sol, La, Si and their correspondence to scale degrees.', 'role_object': {'functional_role': 'Educator', 'functional_role_sentence': ""The AI is acting as an Educator because it provides explanatory information to enhance the user's understanding of music terminology."", 'relational_role': 'Helper', 'relational_role_sentence': ""The AI is acting as a Helper because it assists the user's learning needs by answering questions and clarifying concepts.""}}, {'interaction': 'User asks why archaic note names are not used today; AI explains the adoption of modern letter notation with sharps and flats as a simpler, more adaptable system.', 'role_object': {'functional_role': 'Educator', 'functional_role_sentence': ""The AI is acting as an Educator because it provides explanatory information to enhance the user's understanding of music terminology."", 'relational_role': 'Helper', 'relational_role_sentence': ""The AI is acting as a Helper because it assists the user's learning needs by answering questions and clarifying concepts.""}}, {'interaction': 'User asks what Sol # refers to; AI explains that Sol # is another name for G#, describing its relation to the solfege syllable Sol with a sharp.', 'role_object': {'functional_role': 'Educator', 'functional_role_sentence': ""The AI is acting as an Educator because it provides explanatory information to enhance the user's understanding of music terminology."", 'relational_role': 'Helper', 'relational_role_sentence': ""The AI is acting as a Helper because it assists the user's learning needs by answering questions and clarifying concepts.""}}, {'interaction': 'User asks what bemol means; AI defines bemol as the French term for flat, indicating a note lowered by one semitone and shows examples like Ab and Gb.', 'role_object': {'functional_role': 'Educator', 'functional_role_sentence': ""The AI is acting as an Educator because it provides explanatory information to enhance the user's understanding of music terminology."", 'relational_role': 'Helper', 'relational_role_sentence': ""The AI is acting as a Helper because it assists the user's learning needs by answering questions and clarifying concepts.""}}, {'interaction': 'User states that French solfege is widely used in Russia; AI confirms this, noting its popularity in Russian music education and conservatories for ear training and sight‑singing.', 'role_object': {'functional_role': 'Educator', 'functional_role_sentence': ""The AI is acting as an Educator because it provides explanatory information to enhance the user's understanding of music terminology."", 'relational_role': 'Helper', 'relational_role_sentence': ""The AI is acting as a Helper because it assists the user's learning needs by answering questions and clarifying concepts.""}}, {'interaction': ""User asks why French note names are called so; AI traces the origin to medieval Europe, the hexachord system, Jean‑Philippe Rameau's solfege syllables, and the later addition of Si."", 'role_object': {'functional_role': 'Educator', 'functional_role_sentence': ""The AI is acting as an Educator because it provides explanatory information to enhance the user's understanding of music terminology."", 'relational_role': 'Helper', 'relational_role_sentence': ""The AI is acting as a Helper because it assists the user's learning needs by answering questions and clarifying concepts.""}}]"
"user: What are archaic note names?
assistant: Archaic note names refer to the older system of naming musical notes, which was based on solfege syllables and letter names. The archaic note names are:

1. Ut or Do - used for the first note of the scale (C)

2. Re - used for the second note of the scale (D)

3. Mi - used for the third note of the scale (E)

4. Fa - used for the fourth note of the scale (F)

5. Sol - used for the fifth note of the scale (G)

6. La - used for the sixth note of the scale (A)

7. Si - used for the seventh note of the scale (B)

These names are still used in some parts of the world and in certain contexts in music theory and history.
user: Why aren't they used today
assistant: The archaic note names are not used today because they were replaced by a more practical system called the modern notation system. In the modern notation system, the letters A, B, C, D, E, F, and G represent the seven natural notes of the Western scale. This system is much simpler to learn than the solfege-based archaic system, and it is more adaptable to different musical styles and cultures. Additionally, the modern notation system uses sharp (#) and flat (b) symbols to indicate notes that are higher or lower than the natural notes, which makes it easier to read and understand music notation. Therefore, the modern notation system has become the standard system for naming musical notes.
user: What is Sol #
assistant: Sol # is an alternative way to refer to the note that is one half-step or one semitone higher than the natural note of G, which is typically called G#. In some countries, including France, the solfege system is still widely used, and the note names are based on the syllables ""do, re, mi, fa, sol, la, si"". In this system, the note that is one half-step higher than the natural note of G would be called ""sol dièse"" (sol # in English), which means ""sharp sol"". So, Sol # is another way to refer to the note of G#.
user: What is bemol
assistant: Bemol is a term used in music theory to indicate that a note is lowered by one half-step or one semitone from its natural pitch. It is a French term, and the symbol used to indicate this is a flat symbol (♭), which is placed before the note. For example, if we take the note of A and lower it by one half-step, it becomes Ab (A flat). Similarly, if we take the note of G and lower it by one half-step, it becomes Gb (G flat). The term bemol is equivalent to the English term ""flat"".
user: French solfege is widely used in Russia as well
assistant: That's correct! The French solfege system, which uses the syllables ""do, re, mi, fa, sol, la, si"" to name the musical notes, is widely used in many countries around the world, including Russia. In fact, it is one of the most popular systems for teaching music theory and sight-singing in Russia. Russian musicians are often trained in solfege-based ear training exercises to develop their musical skills and improve their ability to read and understand musical notation. This system is also used in many classical music schools and conservatories around the world as a standard method for teaching music theory and singing.
user: Why French notes are called so
assistant: The French note names, also known as solfege syllables, are believed to have originated in medieval Europe and were popularized by the French musician and music theorist Jean-Philippe Rameau in the 18th century. Rameau created a system of solfege syllables that corresponded to the six-note hexachord, which was commonly used in early Western music. This system assigned the syllables ""ut, re, mi, fa, sol, la"" to each of the six notes of the hexachord, with the syllable ""ut"" eventually being replaced by ""do"". The syllable ""si"" was added later to correspond to the seventh note of the scale.

The French note names became popular in Europe and spread throughout the world as a standard method of teaching music theory and sight-singing. The French language was widely spoken and studied at the time, which helped to popularize these syllables and make them standard practice.

Today, the French note names are still used in many countries around the world as a way to teach music theory and sight-singing to students.
","[{'interaction': 'The user asks for the definition of archaic note names, and the AI lists the solfege syllables Ut/Do, Re, Mi, Fa, Sol, La, Si with their corresponding scale degrees.', 'role_object': {'functional_role': 'Educator', 'functional_role_sentence': 'The AI is acting as an Educator because it provides explanatory content about archaic note names.', 'relational_role': 'None', 'relational_role_sentence': ""The AI is acting as a None because it does not address any emotional or relational aspect of the user's query.""}}, {'interaction': 'The user inquires why archaic note names are not used today, and the AI explains the advantages of modern notation system over the archaic solfege system.', 'role_object': {'functional_role': 'Educator', 'functional_role_sentence': 'The AI is acting as an Educator because it explains the rationale behind the adoption of modern notation.', 'relational_role': 'None', 'relational_role_sentence': ""The AI is acting as a None because it does not address any emotional or relational aspect of the user's query.""}}, {'interaction': ""The user asks what 'Sol #' refers to, and the AI explains that it denotes G sharp, also known as sol dièse in French solfege."", 'role_object': {'functional_role': 'Educator', 'functional_role_sentence': 'The AI is acting as an Educator because it defines the term Sol # and its equivalence to G#.', 'relational_role': 'None', 'relational_role_sentence': ""The AI is acting as a None because it does not address any emotional or relational aspect of the user's query.""}}, {'interaction': ""The user asks what 'bemol' means, and the AI defines it as the French term for a flat, indicating a note lowered by a half-step."", 'role_object': {'functional_role': 'Educator', 'functional_role_sentence': 'The AI is acting as an Educator because it defines the term bemol and its relation to the flat symbol.', 'relational_role': 'None', 'relational_role_sentence': ""The AI is acting as a None because it does not address any emotional or relational aspect of the user's query.""}}, {'interaction': 'The user notes that French solfege is widely used in Russia, and the AI confirms this, adding that it is popular in Russian music education and conservatories.', 'role_object': {'functional_role': 'Educator', 'functional_role_sentence': ""The AI is acting as an Educator because it affirms the user's statement and provides additional information about solfege usage in Russia."", 'relational_role': 'None', 'relational_role_sentence': ""The AI is acting as a None because it does not address any emotional or relational aspect of the user's query.""}}, {'interaction': ""The user asks why French note names are called so, and the AI provides a historical account of their origins in medieval Europe, Jean-Philippe Rameau, and the addition of 'si'."", 'role_object': {'functional_role': 'Educator', 'functional_role_sentence': 'The AI is acting as an Educator because it traces the etymology of French solfege syllables.', 'relational_role': 'None', 'relational_role_sentence': ""The AI is acting as a None because it does not address any emotional or relational aspect of the user's query.""}}]"
