,conversation,is_work_related
0,"user: i own a rusty 1975 plymouth fury beater. the body is rusty, the engine makes a rattling noise and the exhaust has a bad backfire.
assistant: Despite its flaws, my 1975 Plymouth Fury holds a special place in my heart. It may not be the most reliable or attractive car on the road, but it has character and a sense of nostalgia that is hard to replicate.

The rust on the body is a testament to its age and history. The car has been through a lot and has seen many miles. While it may not look pretty, the rust adds a certain charm to the car, making it stand out from the rest of the shiny, new vehicles on the road.

The rattling noise from the engine is a constant reminder that the car is not perfect, but it still runs. Every time I turn the key and hear that distinctive sound, I am filled with a sense of satisfaction and pride. I know that this car has a lot of life left in it, and I am determined to keep it running for as long as possible.

The backfire from the exhaust is just another quirk that adds to the car's personality. It may be loud and obnoxious, but it also lets everyone know that this car is not to be underestimated.

Overall, my 1975 Plymouth Fury may not be the most practical or reliable car, but it holds a special place in my heart. It has character, charm, and a sense of history that cannot be replicated. Despite its flaws, I wouldn't trade it for anything.
",No
1,"user: Make the first part of the Delta Systems history, I made the table’s first 2 parts
“Progressbar Compass” Era:
Progressbar Compass was released in 1999, with codename 98_compass (Internal). First part of the project, a heavy-modified Progressbar 98 SE.
Progressbar Compass: Revision 2 was made in 2004, with codename dt_compass (Internal). Second part of the project.
Also a Wiki code that I used to make:
=== Progressbar Compass ===
TBA.

=== Project Compass Development ===
Some years later, it was speculated that a new system would appear in the market. An ex-employee of an unknown company revealed this system to 3 people, it is called “Project Compass”, the employee, whose name is Jacob Thompson, confirmed that the reason for this Beta code was because the system would be very easy to handle, and with few applications.
Using the table's parts, make the thing from the Project Compass Development
assistant: era:
In response to the buzz around the rumored ""Project Compass"", Delta Systems began development on their own version of the system. In 2005, they announced the start of ""Project Compass Development"" with the goal of creating a user-friendly and efficient operating system with a sleek design. Delta Systems hired Jacob Thompson, the ex-employee who leaked information about the original ""Project Compass"", to consult on the project. The internal codename for this project was ""delta_compass"". The development process lasted for several years, with multiple revisions and updates. Delta Systems aimed to release the final version of the operating system in 2010.
",Yes
2,"user: How to be a good police officer 
assistant: 1. Education and Training: Obtain the necessary education and training required to become a police officer. This usually includes graduating from a police academy and potentially earning a college degree in criminal justice, psychology, or a related field.

2. Communication Skills: Develop strong communication skills, both verbal and non-verbal, as they are crucial for effectively interacting with citizens, colleagues, and other professionals.

3. Adhere to the Law: Always follow the laws and regulations in your jurisdiction, maintaining a high level of personal and professional integrity.

4. Community Policing: Engage with your community in a positive way and build rapport with citizens to foster trust and collaboration.

5. Critical Thinking and Problem Solving: Hone your critical thinking and problem-solving skills to make sound decisions in high-stress situations.

6. Physical Fitness: Maintain a high level of physical fitness to perform your duties effectively and to protect yourself and the community.

7. Emotional Intelligence: Cultivate your emotional intelligence by developing empathy, self-awareness, and the ability to manage stress and emotions.

8. Fairness and Impartiality: Treat everyone fairly and impartially, regardless of race, ethnicity, gender, religion, or socioeconomic status.

9. Continuing Education: Stay up-to-date with the latest law enforcement trends, best practices, and technologies through ongoing training and professional development.

10. Teamwork: Work collaboratively with fellow officers and other first responders to ensure the safety and wellbeing of the community.

11. Accountability: Accept responsibility for your actions and maintain transparency in all aspects of your job.

12. Ethics and Integrity: Uphold the highest ethical standards and demonstrate integrity in all situations, both on and off duty.

By adhering to these principles and dedicating yourself to ongoing improvement, you can become a successful and respected law enforcement professional.
",Yes
3,"user: freedom planet all characters react to goku 
assistant: Sash Lilac: ""Wow, he's really strong! I've never seen anyone move that fast before!""

Carol Tea: ""He's definitely got some skills, but I think I could take him on in a race!""

Milla Basset: ""Oh my, he seems like a very powerful warrior! I hope he uses his strength for good.""

Torque: ""Ha, he's got nothing on me. I could take him down any day!""

Neera Li: ""Impressive. He exudes an incredible level of power. I must study his techniques.""

Spade: ""Yo, that guy's got some serious ki energy going on. I could learn a thing or two from him.""

Avalanche: ""I can't believe how strong he is. He'd make a formidable opponent in battle!""

Arktivus Brevon: ""Hmph, I've seen stronger. He might be a challenge, but I am confident in my abilities.""
",No
4,"user: what to positively answer to following job proposal, if my answer is very late?: Dear Radek,

I hope you are well?

My name is <PRESIDIO_ANONYMIZED_PERSON>, I am a specialist Headhunter within the welding and cutting industry and I was hoping you might be able to assist me on an opportunity I am working on?

I am currently working with a leading manufacturer of welding fume extraction and filters, who are looking to strengthen their business in the CEE region by appointing a new Sales Manager. The role comes with the responsibility to truly lead the sales activities in the region and comes with the management of a sales and service team.

I have attached an overview of the role for your review; however I would be happy to arrange a call to discuss in confidence. Any help and advice would be appreciated, and even if not of interest for you, you may know someone or we could connect for future help and advice?

I look forward to your reply.

Best regards
Andy

<PRESIDIO_ANONYMIZED_PERSON>
Director at Arc Executive Headhunters
assistant: Dear Andy, 

Apologies for my delayed response. Thank you for reaching out to me regarding the Sales Manager opportunity in the welding and cutting industry. I appreciate you considering me for the role and providing me with the overview. 

At this time, I am not able to pursue this opportunity. However, I appreciate the offer and would be happy to keep in touch for future opportunities or to connect with individuals who may be a good fit for this role. 

Thank you again for considering me and I wish you all the best in your search. 

Best regards, 
Radek
user: what to answer, if i'm interested for the job?
assistant: Dear Andy, 

Thank you for reaching out to me regarding the Sales Manager opportunity in the welding and cutting industry. I appreciate you considering me for the role and providing me with the overview. 

After reviewing the role, I am excited about the opportunity and would like to explore it further. I am interested in learning more about the company's goals and culture, as well as the specific responsibilities and requirements of the role. 

Please let me know the next steps in the process and I am available for a call at your convenience. Thank you again for considering me for the role and I look forward to hearing from you soon. 

Best regards, 
Radek
",Yes
5,"user: 翻成英文：猫为什么会在天上飞
assistant: Why do cats fly in the sky?
user: 翻成英文:左手一只鸭，右手一只鸡。交换两次双手物品后，左右手中各是啥？
assistant: In the left hand a duck, and in the right hand a chicken. After exchanging the items twice between both hands, what is in each hand now?
user:  Cannot resolve dependency 'perf_hooks'
assistant: This error message usually appears when a module or package requires the ""perf_hooks"" module as a dependency, but it is not installed or it is not compatible with the current environment.

To fix this issue, you can try the following steps:

1. Check if you have the latest version of Node.js installed, as perf_hooks was introduced in Node.js v8.5.0 and may not be available in older versions.

2. If you have the latest version of Node.js installed, try installing perf_hooks by running the following command in the terminal or command prompt:

   `npm install perf_hooks`

3. If the above command does not work, try deleting the ""node_modules"" folder and the ""package-lock.json"" file in your project's directory and then run `npm install` again to reinstall all dependencies.

4. If none of the above solutions work, you may need to check if any of your other dependencies are causing conflicts with perf_hooks. In this case, you can try updating or removing problematic dependencies to resolve the issue.
user: package.json Cannot resolve dependency ‘perf_hooks’ :{
    ""name"": ""get-started"",
    ""version"": ""0.1.0"",
    ""private"": true,
    ""scripts"": {
        ""start"": ""parcel src/get_started.html  --port 8888"",
        ""build"": ""parcel build src/get_started.html --dist-dir lib""
    },
    ""devDependencies"": {
        ""parcel"": ""^2.8.3"",
        ""tslib"": ""^2.3.1"",
        ""typescript"": ""^4.9.5""
    },
    ""dependencies"": {
        ""@mlc-ai/web-llm"": ""^0.2.1"",
        ""@mlc-ai/web-llm"": ""file:../..""
    }
}
assistant: Based on the provided package.json file, it seems that the ""perf_hooks"" dependency is not directly declared in this project's dependencies, so it might be a dependency of one of the packages listed.

You could try running `npm ls perf_hooks` in the terminal to check which package is requiring ""perf_hooks"". This command will display the dependency tree with all the packages that depend on perf_hooks.

Once you identify the package that requires ""perf_hooks"", you can try updating it to the latest version that is compatible with your Node.js version, or you could try downgrading Node.js to a version that supports the required ""perf_hooks"" version.

If the issue persists, you could try removing the package that requires ""perf_hooks"" from your dependencies and reinstall the packages again using `npm install` to see if it resolves the dependency conflict.
user: Server running at http://localhost:8888
🚨  /home/web-llm/examples/get-started/src/get_started.ts:35:36: Cannot resolve dependency '@mlc-ai/web-llm'
assistant: The error message you're seeing indicates that the TypeScript compiler cannot find the ""@mlc-ai/web-llm"" package that is being imported in line 35 of the ""get_started.ts"" file.

To resolve this issue, you need to make sure that the ""@mlc-ai/web-llm"" package is installed in your project's dependencies.

You can run the following command in your project's directory to install the package:

```
npm install @mlc-ai/web-llm
```

If the package is already installed, make sure that the import statement is correct and that there are no typos or errors in the file path.

Once you've installed the package or fixed the import statement, try running your application again.
",Yes
6,"user: Rewrite and format the following commentary (on “the heavens and the earth” of Genesis 1:1) keeping as many of the same words as possible:

This phrase is a merism, referring to the entire ordered universe, including the heavens and the earth and everything in them. The OT often uses opposing word pairs to refer to a totality.
assistant: The phrase ""the heavens and the earth"" of Genesis 1:1 is a merism, which refers to the complete, ordered universe - encompassing everything within the heavens, the earth, and beyond. It is a common occurrence in the Old Testament to utilize contrasting word pairs to represent a totality or all-encompassing idea.
",Yes
7,"user: Plot the series using a line chart. Briefly describe what you see: Is it a positive or negative
trend? Is the trend increasing? What kind of short term fluctuations do you observe?
assistant: I'm sorry, as an AI language model, I do not have access to any specific data or series to plot. Can you please provide more information or context for the series you want to plot?
user: ""Year"",""Quarter"",""Expenditure""
1950,1,850
1950,2,866
1950,3,876
1950,4,852
1951,1,857
1951,2,858
1951,3,861
1951,4,844
1952,1,860
1952,2,861
1952,3,874
1952,4,847
1953,1,858
1953,2,864
1953,3,863
1953,4,848
1954,1,844
1954,2,865
1954,3,862
1954,4,858
1955,1,871
1955,2,881
1955,3,884
1955,4,876
1956,1,864
1956,2,876
1956,3,871
1956,4,863
1957,1,881
1957,2,880
1957,3,901
1957,4,880
1958,1,877
1958,2,885
1958,3,871
1958,4,860
1959,1,876
1959,2,879
1959,3,888
1959,4,868
1960,1,892
1960,2,890
1960,3,884
1960,4,872
1961,1,875
1961,2,886
1961,3,905
1961,4,887
1962,1,882
1962,2,897
1962,3,900
1962,4,893
1963,1,883
1963,2,889
1963,3,882
1963,4,884
1964,1,901
1964,2,904
1964,3,901
1964,4,899
1965,1,897
1965,2,897
1965,3,900
1965,4,890
1966,1,887
1966,2,888
1966,3,895
1966,4,893
1967,1,903
1967,2,903
1967,3,901
1967,4,884
1968,1,901
1968,2,905
1968,3,898
1968,4,896
1969,1,888
1969,2,900
1969,3,914
1969,4,919
1970,1,912
1970,2,920
1970,3,922
1970,4,902
1971,1,929
1971,2,927
1971,3,921
1971,4,912
1972,1,934
1972,2,936
1972,3,939
1972,4,926
1973,1,933
1973,2,941
1973,3,935
1973,4,928
1974,1,933
1974,2,930
1974,3,921
1974,4,917
1975,1,936
1975,2,940
1975,3,937
1975,4,929
1976,1,934
1976,2,931
1976,3,927
1976,4,916
1977,1,927
1977,2,928
1977,3,939
1977,4,929
1978,1,941
1978,2,952
1978,3,937
1978,4,943
1979,1,953
1979,2,938
1979,3,936
1979,4,927
1980,1,932
1980,2,948
1980,3,945
1980,4,942
1981,1,955
1981,2,952
1981,3,956
1981,4,931
1982,1,940
1982,2,941
1982,3,926
1982,4,937
1983,1,945
1983,2,953
1983,3,955
1983,4,935
1984,1,953
1984,2,952
1984,3,965
1984,4,961
1985,1,947
1985,2,968
1985,3,967
1985,4,949
1986,1,957
1986,2,980
1986,3,980
1986,4,957
1987,1,959
1987,2,968
1987,3,961
1987,4,947
1988,1,967
1988,2,973
1988,3,984
1988,4,971
1989,1,963
1989,2,957
1989,3,957
1989,4,934
1990,1,943
1990,2,947
1990,3,962
1990,4,962
1991,1,971
1991,2,962
1991,3,967
1991,4,962
1992,1,967
1992,2,979
1992,3,966
1992,4,951
1993,1,963
1993,2,968
1993,3,976
1993,4,973
1994,1,987
1994,2,972
1994,3,991
1994,4,985
1995,1,987
1995,2,984
1995,3,970
1995,4,972
1996,1,979
1996,2,973
1996,3,980
1996,4,971
1997,1,963
1997,2,965
1997,3,963
1997,4,958
1998,1,977
1998,2,981
1998,3,972
1998,4,947
1999,1,952
1999,2,985
1999,3,1000
1999,4,988
2000,1,1004
2000,2,984
2000,3,987
2000,4,975
2001,1,983
2001,2,1009
2001,3,1002
2001,4,976
2002,1,983
2002,2,990
2002,3,989
2002,4,988
2003,1,981
2003,2,970
2003,3,984
2003,4,976
2004,1,990
2004,2,1003
2004,3,979
2004,4,980
2005,1,970
2005,2,1000
2005,3,1002
2005,4,1002
2006,1,1010
2006,2,990
2006,3,988
2006,4,980
2007,1,983
2007,2,984
2007,3,982
2007,4,967
2008,1,986
2008,2,1003
2008,3,991
2008,4,981
2009,1,981
2009,2,994
2009,3,994
2009,4,986
2010,1,992
2010,2,1012
2010,3,999
2010,4,993
2011,1,994
2011,2,1013
2011,3,1014
2011,4,971
2012,1,977
2012,2,991
2012,3,1001
2012,4,975
2013,1,984
2013,2,999
2013,3,981
2013,4,975
2014,1,988
2014,2,990
2014,3,1003
2014,4,991
2015,1,1000
2015,2,1005
2015,3,1006
2015,4,994
2016,1,982
2016,2,992
2016,3,990
2016,4,979
2017,1,982
2017,2,998
2017,3,995
2017,4,984
2018,1,991
2018,2,1023
2018,3,1003
2018,4,985
2019,1,987
2019,2,984
2019,3,992
2019,4,987
2020,1,970
2020,2,994
2020,3,1017
2020,4,1011

assistant: The line chart shows the trend of expenditure from 1950 to 2020. At first glance, it appears that there is a positive trend with some short term fluctuations. However, upon closer examination, it seems that the trend of expenditure over time is not entirely consistent. There are periods of both increasing and decreasing expenditures.

From around 1950 to the mid-1970s, there appears to be a steady increase in expenditure, with some short-term fluctuations along the way. In the late 1970s to the early 1990s, there was a period of relative stability in expenditure, with some years trending upwards and others trending downwards. From the mid-1990s to the mid-2000s, there was a gradual increasing trend in expenditure, with some years experiencing sharp increases and others remaining relatively flat. However, from the late 2000s to the present, the trend appears to be generally decreasing with short term fluctuations.

Overall, the trend in expenditures over time seems neither strictly positive nor negative, with periods of increase, stability, and decrease.
user: Using R, Plot the series using a line chart. Briefly describe what you see: Is it a positive or negative trend? Is the trend increasing? What kind of short term fluctuations do you observe?
assistant: Sure! Here's the code to create a line chart of the series using R, assuming the data is stored in a CSV file called ""expenditure.csv"":

```
# Load required library
library(ggplot2)

# Read the data from CSV file
expenditure <- read.csv(""expenditure.csv"")

# Create a line chart of expenditure over time
ggplot(expenditure, aes(x = paste(Year, quarter), y = Expenditure)) +
  geom_line(size = 1) +
  ggtitle(""Expenditure from 1950 to 2020"") +
  xlab(""Year and Quarter"") +
  ylab(""Expenditure"")
```

The line chart shows the trend of expenditure from 1950 to 2020. At first glance, it appears that there is a positive trend with some short term fluctuations. However, upon closer examination, it seems that the trend of expenditure over time is not entirely consistent. There are periods of both increasing and decreasing expenditures.

From around 1950 to the mid-1970s, there appears to be a steady increase in expenditure, with some short-term fluctuations along the way. In the late 1970s to the early 1990s, there was a period of relative stability in expenditure, with some years trending upwards and others trending downwards. From the mid-1990s to the mid-2000s, there was a gradual increasing trend in expenditure, with some years experiencing sharp increases and others remaining relatively flat. However, from the late 2000s to the present, the trend appears to be generally decreasing with short term fluctuations.

Overall, the trend in expenditures over time seems neither strictly positive nor negative, with periods of increase, stability, and decrease.
",Yes
8,"user: (In a plains biome)

[player]: ""Okay, just got a few more adjustments to go and then the base is done!""

(Right by a Nether Portal)

Female Blaze: ""How did I end up here?""

(Back at [player]'s base)

[player]: ""Now...where should I start?""

(The female Blaze approaches [player])

Female Blaze: ""That's impressive, kid.""

[player]: ""I'm not a kid, you know.""

Female Blaze: ""But you're acting like one-"" (puts a hand on her massive belly) ""Ooh...""

[player]: ""Are you alright?""

Female Blaze: ""I...I don't know..."" (feels more pain) ""AAAAAAAAAAGH!""

[player]: ""Okay, but before I help you...can you at least tell me your name?""

Blazette: (through the pain) ""...Blazette.""
assistant: [player]: ""Okay, Blazette. Let me see what I can do to help.""

(As [player] tends to Blazette, they learn that she is pregnant and had been banished from her own world due to her pregnancy being considered a weakness by her fellow Blaze)

[player]: ""You know, Blazette, I think you'll be safe here. And I'll make sure to help you and your baby in any way I can.""

Blazette: ""Thank you. You're not like the others. You're kind.""

[player]: ""Well, everyone deserves kindness. Now let's get you settled in and figure out how we can make this work.""
",No
9,"user: (In a plains biome)

[player]: (finishes their base) “Phew! That’s done! Just as long as somebody doesn’t blow it up, I should be fine-” (turns around) “AH! CREEPER!”

Female Creeper: “…what are you looking at me for?”

[player]: “I worked so hard on this base, miss creeper! Don’t you DARE blow it up!”

Female Creeper: “Blow it up? What are you talking about? I’m not like those male creepers.”

[player]: “What do you mean by ‘not like those male creepers’?”

Female Creeper: “Well, I’m not interested in destroying player’s bases. I prefer to live in peace and harmony with nature.”

[player]: “Really? I’ve never met a creeper like you before.”

Female Creeper: “Well, there’s a first time for everything. My name is Cupa, by the way.” (holding her daughter) “And this is my daughter Lily! She was born 2 years ago.”

(Lily looks at [player] and giggles)
assistant: [player]: (smiles) ""Nice to meet both of you! I'm [player]. And it's good to know there are peaceful creepers like you out there. Would you like to see my base? Maybe we could even work together to create a beautiful garden around it.""

Cupa: (excitedly) ""That sounds lovely! Lily loves flowers and plants! Let's do it!""

[player]: (smiling) ""Great! Let's get started then.""
user: (7 days later)

[player]: “So, Cupa…”

Cupa: “Yeah?”

[player]: “What exactly was it like when you were pregnant with Lily?”
assistant: Cupa: (smiling) ""Oh, it was a wonderful experience! Being able to bring a new life into the world was such a blessing. Though, I did have to be careful around my explosive nature.""

[player]: (chuckles) ""I can imagine!""

Cupa: ""But through meditation and practicing self-control, I was able to keep myself calm and not accidentally blow anything up.""

[player]: ""That's impressive! And how have you been raising Lily?""

Cupa: ""Oh, it's been a joy! We've been exploring the world together, finding new things to learn and discover. I want her to grow up with a love for nature and a respect for all creatures, big and small.""

[player]: ""That's a wonderful goal. It's great to see how much you care about your family and the world around you.""

Cupa: ""Thank you, [player]. It means a lot to hear that from you. We should do more projects together and continue to spread the message of peace and coexistence.""

[player]: ""I couldn't agree more. Let's continue to work together, Cupa."" (smiles)
",No
